Algoritmo,Clusters,Silhouette,Calinski-Harabasz,Davies-Bouldin
kmeans,8,0.1682472989741111,1318.301795908607,1.5715622507905547
dbscan,2,0.1621800294154935,5.577162131718334,6.581420223009459
kmedoids,8,0.15191420962338895,1245.0460399250683,1.6354517690030277
