Algoritmo,Clusters,Silhouette,Calinski-Harabasz,Davies-Bouldin
kmeans,3,0.2501847187066452,2426.3093627516423,1.2920040531556312
dbscan,2,0.1621800294154935,5.577162131718334,6.581420223009459
kmedoids,3,0.24533437163806168,2409.625739837246,1.3440618738097623
