Algoritmo,Clusters,Silhouette,Calinski-Harabasz,Davies-Bouldin
kmeans,8,0.9292383257001302,1237.4865498213185,0.3124219759784084
dbscan,8,0.5563572763924246,108.2285013837542,2.7972935202922966
kmedoids,8,0.008155827219141605,111.75541661581882,1.8728072824614288
