Algoritmo,Clusters,Silhouette,Calinski-Harabasz,Davies-Bouldin
kmeans,3,0.9619665308629114,695.7870551388025,0.057358424737164425
dbscan,8,0.5563572763924246,108.2285013837542,2.7972935202922966
kmedoids,3,0.14947837797494198,287.94193576035536,1.6672033270890905
