mean_fit_time,std_fit_time,mean_score_time,std_score_time,params,split0_test_score,split1_test_score,split2_test_score,split3_test_score,split4_test_score,split5_test_score,split6_test_score,split7_test_score,split8_test_score,split9_test_score,split10_test_score,split11_test_score,split12_test_score,split13_test_score,split14_test_score,split15_test_score,split16_test_score,split17_test_score,split18_test_score,split19_test_score,split20_test_score,split21_test_score,split22_test_score,split23_test_score,split24_test_score,split25_test_score,split26_test_score,split27_test_score,split28_test_score,split29_test_score,mean_test_score,std_test_score,rank_test_score
0.008073202768961589,0.0008362816105034638,0.0036232391993204754,0.0007012132594947206,{},0.5923566878980892,0.5414012738853503,0.5846645367412141,0.5878594249201278,0.5846645367412141,0.5559105431309904,0.5686900958466453,0.6006389776357828,0.5079872204472844,0.5750798722044729,0.5509554140127388,0.5764331210191083,0.5654952076677316,0.5878594249201278,0.610223642172524,0.5942492012779552,0.5239616613418531,0.5942492012779552,0.5175718849840255,0.610223642172524,0.5605095541401274,0.5796178343949044,0.5527156549520766,0.5718849840255591,0.5750798722044729,0.5942492012779552,0.5591054313099042,0.597444089456869,0.5431309904153354,0.5750798722044729,0.571309768489313,0.02566936289021607,1
